x_coords_100,y_coords_100
1.952624445495809,2.0958859666903904
3.223596331198184,-0.3145962416178936
-2.4447923388159802,-1.4845694181030327
-2.011082589313736,2.5846819596499553
-0.01923041355648848,-0.1903419722962534
-0.5160736172364235,-2.449087990805175
-0.7307340269263394,0.7086285800239684
0.7200719350439917,-0.47675721805076254
-1.9636841142193648,2.590161058660474
-1.847767639719212,0.34045473491504735
-1.487281568116765,-0.012361996227976322
3.433960408232333,-0.5072618728244411
0.2851062518965745,-0.3462231355963766
0.6505745472731984,0.47364070304240147
-0.03791851716483994,-2.5965015353571363
-0.00818407590255429,-2.6115723113837457
2.2032225806689305,-0.12989092555472181
-0.64642022657214,3.236244526024971
1.2006916578403977,2.9437158292470538
2.071160630210693,-1.1121658046043703
-2.49144057100601,1.909634278234023
-0.538550811393093,-1.5838246123552548
1.717158897342165,1.2898478003481686
2.0179550567236832,2.2620955185798963
0.7579368202155774,3.048451934262082
-0.5448862303349038,-1.5406834739562678
0.6184979457288002,-1.4041568454590923
-0.5010916159716255,1.9223954925028746
-2.0795496546278973,0.9283091536582039
-0.8564729263769114,0.6933224320179009
-2.119436685496832,2.4423365538650357
0.24021917440650734,0.5217316136509351
-0.6093908287544928,0.7610096526690817
3.1832399627972086,-0.27124274055479775
3.1627380481021965,0.6915638269183159
-0.005977044537702777,-0.28606953260234785
2.0237259809493193,1.4023181824681772
-1.361305512348217,-1.9441017428222227
-2.7995398587391733,-0.05585994271424568
0.4958753914094528,1.4607652475220256
-0.18986704951384073,0.5410983835363056
-0.09783353362720953,2.892693547547877
-2.083222944451181,-1.4710454626259977
1.8611964294545849,-0.6121893445758454
1.4721549809205154,0.14140983927298528
-3.096855155374406,0.16391926959818173
2.1370536039092776,-0.8571901982299475
-0.5406243734846509,3.060080436205228
-1.039430359376112,2.5400719323152465
0.37590627570623947,0.18839795031070122
3.4118679372604777,-0.11141595180079022
-0.5014477894814268,-0.2430214582828165
3.003046259822309,-0.4588303803669591
1.5814657646942851,-1.2105224056742048
-1.9611771226229788,2.6293193854465002
2.5972640955203405,-1.4427000178840028
-1.6535744501241272,-2.2673592468744106
0.258362399092422,-2.5309966436792286
-1.0531500773350975,0.4085545155877187
2.2819008138956196,1.1776477669348715
1.7645152119294418,2.261795204265885
1.9117656153937737,-1.2457625524852052
0.05195643337418541,-3.0726331586862465
1.73753222352849,0.016365149837712825
2.0416885851790023,-0.611577597347618
-0.9591260279724597,2.7998431569297244
-0.503587908437955,-1.5385641831653543
-0.25214282923029574,-1.781346481499146
-0.6209596531781134,0.6300556309069955
3.444416283019297,-0.5526183310382299
-0.7750907740472932,-1.2757236148222177
0.5266667956469439,0.2564157942456303
-1.94626804514273,-0.7371965971550236
0.059910255960502805,-1.1776612470972827
-1.610686868829896,0.5684460904901983
-1.2319356559477188,0.36634778979729804
-1.512860379801615,-2.945001937807224
-0.6030337200878099,0.6574810264426365
2.013340673375102,1.1691083077023674
-1.0871101698687833,-2.0127783607299636
0.9925394017891137,-1.7472064745035234
-2.035247718880672,2.2626281457096558
2.255632583108183,0.7682169339579872
-1.6376497113163444,-1.3478923258559312
2.2244444708609254,0.9828709838168257
2.150799047091821,-0.25931220810232386
-2.6424362694629315,-2.2524040427366065
-2.926631650219791,0.08501295347965038
1.6204848172514237,-2.583932387603128
0.09659529797907485,1.6686299142547485
-1.1938343858334244,-2.4424899082366767
-1.9700920233744397,0.04626248881684119
-1.820710924411112,-2.7024578725983166
-1.3543857044510639,1.8756411896222285
-0.548643205698405,-0.1361364230945034
-0.10061739923420912,2.476752004394947
-0.589884963558136,3.050116174631333
0.6746719545256893,1.3782951240667203
-2.1752282639549114,-1.4925277663299803
-1.4574387488990768,-2.607488560112457
-2.1735516001217525,-1.6089121454407453
-2.9972060348777014,0.4487354174800571
2.1585367635305266,-0.6569657766246746
-0.43201887403754813,1.687295609964484
2.0843038828422906,-2.405707249495348
1.4682519218099135,-0.637984592001288
0.9139746080062331,1.2116499007178634
-1.5357221632200089,-1.6057448230865854
1.1074221651712761,-0.7150557187266808
-0.9497117959175108,-0.0044545415303199375
2.005097965695627,-1.3416849636890102
0.12738996710212336,0.22887981722578749
2.6738734221606406,-0.37723510221802603
-0.5339130202862589,-3.1973327470876547
-2.1560747959945625,2.0409749506813437
0.7671637270590295,-0.21539762275477084
-0.6656597391846373,-3.21772262242302
0.23383273030144022,-2.0336167120283926
1.162956746958248,-0.29969513685961796
-0.9278283448874973,3.1277244559806605
-0.4769143531460793,-3.049731782602203
1.8538801882568305,-2.409917521595724
2.2213944597422004,0.07816239685946004
-0.8767268021883247,-0.9850109684816298
1.016555672332255,-0.19311746555014692
0.8105350034489688,1.6697133925736565
0.04010150575497561,-1.730110299198821
0.6861816344670123,-0.7096689599960321
-2.372904599350407,-1.5838333959314332
-0.44558666295575966,1.8835955255257957
1.3453273422703034,2.573470135960302
0.7458459725952084,0.5580257430672475
-0.722462223075981,-0.9015025908828704
2.236838303979161,1.0186320611021227
2.821842688311457,-1.8911574290937545
2.247461763544616,0.4640925634799621
-0.5251154730332718,2.6832515752110306
-2.9596690497521716,-1.1023613109771808
1.697114307670152,0.5450832527145651
3.4299969806111568,-0.6497309131862694
2.972730010554238,-1.6936787986437067
1.60618326193093,-1.1699574129433752
-0.23769125955723025,1.8118311414442854
2.1816193585278025,-0.377089922387981
2.0086103798124744,-1.2698011241734328
-0.8790779135566024,0.7838578910521316
-2.456093367874293,1.9489382361404108
-0.2207479522652766,3.0705776781372416
-0.9445408246829424,0.49248354896242486
1.9100061457231023,-0.04388218201762089
2.085705176568724,-2.4257762425046794
1.246435991355043,-0.4296650584718403
-0.29028144812829665,-0.6417106649163433
0.047586539515544805,3.14211735172213
3.4767249361890205,-0.2498337398631153
1.3066465471291009,-1.8550061250243557
-3.1085782504669712,-0.2937445442533645
-1.3282907051213044,-1.7130065920354214
1.1233786629346532,0.012415296888120812
-1.9104142821115453,-0.40722012018838627
1.6897629793353475,0.835014955490132
-2.0191267687894543,2.1047130614911627
-2.6821866291907215,1.558367761661555
-0.8744325702809792,1.8190049461875752
-1.6535040990857177,-2.360451101847962
0.25443251211063866,-3.00882295569811
2.1670455462076186,-0.3256370973937987
0.12199151491227384,-2.3777241451661166
-2.0913954294254324,-1.6547415021070042
-2.0441563051044747,1.3401820197866672
-3.1136077687262405,-0.6719468515665595
-0.9731025804948844,0.9065789603524295
-0.48690424772641167,1.679923901616113
1.0590091704343034,-0.6362546509199023
-3.0245107307404133,0.7367586254061064
0.276599358832905,0.5057073890374906
-3.084365281887873,-1.1241195959611643
1.4192227095932934,1.2278994572198252
2.508127897141623,0.6603157880220376
-0.0834506920145896,0.3951517386978235
2.2092995714167936,1.9229578578934696
-1.1213026213303199,-2.000845676534025
2.5013647593449675,-2.122284454262782
1.017646624540471,-0.9044866438279062
1.1921846621075212,0.8759283688686906
-2.7661037394848838,0.9194749037236409
0.06845873323223767,-1.3311076658149479
-1.2368525563850938,1.7856320049692607
-0.7396055310071258,3.1859080828119244
1.3485875534474756,-1.7284318797455638
-1.2907419768672905,-1.5873027562466093
1.8380159668052458,-1.709841687949221
1.8394101253055868,-1.3532070219825072
-2.9451219960079884,0.4095203902998795
2.0267378643986036,-0.27171784935470006
2.197993928930739,1.4927506599579823
-2.6122377143725934,-1.4501966265575972
1.6159649648004302,-1.1233012200004016
1.627968542183417,-2.5592023294412996
-0.6396283892257809,-1.4512746881974912
-2.8468948649552255,1.2106697716512607
-1.7761398826660066,-2.4241123094634935
-0.18643125031988864,-1.838718882879954
1.8834732424866538,-2.4811666716769265
-2.381844640765862,0.634910320401541
-0.9387921480992337,1.0599714659973254
-1.1829338719082287,-1.650580368512823
-2.062068769138752,1.2891508676202357
-2.183012542219429,-1.1515574652043257
0.04051267236060432,-0.19801230022144742
-1.1109424756173198,3.0989918668078063
-2.2965528428350805,0.2659986704563464
-2.963929976073165,0.8207362683353133
1.0563785652465514,-1.1842115581911177
-2.7063971577712596,-0.9494415379196345
0.9168815009887424,0.6971528729799082
2.215646027165395,1.712851374493307
-0.9256898054131663,0.16178422264780112
-3.027839111598078,-0.15491455843799654
0.5356290964019379,-0.7920833942015766
-1.9019053920215379,1.5725149731919865
-1.5163366126423976,1.4880532462566398
-1.6362637788730126,-2.466382191024554
2.0285945868770034,2.1228667059688595
1.618643708844938,0.05666175549213085
1.0360501210314543,0.6445877291901455
3.165249472327708,-1.3665563441079407
1.7194472020243396,2.4804730809456097
1.7583059140246455,-2.453016049312583
-2.8681370817966934,0.275788116444656
-0.8064438389610143,-3.072655966907547
-0.1792090251715754,3.2464329321410736
-1.6725224240486407,2.7013031233618867
-0.06750721366934162,2.6397248895749845
0.49413422619988695,-1.6693614900068394
-1.4199061160471418,0.39711762608914825
2.0229525209413683,-0.4409367067128153
-1.0476622871330832,0.7117541657743812
-2.994986518581746,0.8360191584608556
0.1640055011156231,-1.668182672035979
3.072567778996704,-0.7953955984984779
3.2171001703281377,-1.2189898181016254
1.9115963339609803,-0.2201021840727935
1.8486732952919318,1.3585564030232569
-2.174674566424503,-1.2992086058442311
2.240438661422008,0.41975448337368493
0.8058048689233359,1.717035434614735
3.3828119496261575,-0.06387311038652797
3.0063916927899323,0.9478594366212687
0.6449702526731679,-1.1136738073343837
2.0802348724524498,-1.1347607535445867
1.7873736651526966,2.546651713589918
0.6125816384289987,-1.1074897552109664
2.2095493539526605,-0.07718389940087987
-0.2570791319517025,-2.481932313108216
-1.2790798454283787,3.0693493264340574
2.8596914570149234,-0.26878203300571635
-2.425330284377061,-0.022057279576895097
-1.5697053583085412,2.9722124411357727
-0.5659821702514938,0.3066229467263917
-2.5962275647885806,0.5785886559105173
3.411003239230767,-0.6416388630454709
-0.7130772996604346,-2.1494244335363124
-0.5114772509542624,3.175809646820526
1.3504131951623188,-2.7259776067506145
-1.6352676880301324,-0.6302716694306489
-1.8694036479392189,0.5664211478832646
-1.6281580628084813,0.6472157962311067
1.8218924254549975,0.6639193982537632
1.8679027410121105,1.20171428612444
-0.4847471379347502,-3.1634268646487165
0.010837462354124673,-0.4625294446865392
1.1549372283712447,-2.742527804548428
2.3354825157315697,-1.6256765314145807
-0.363728913228109,3.2375433436517818
-0.3104885768226069,1.7408239487666548
-0.6355182017792822,-2.9103398073248776
-2.4046175785281707,1.4879971311135034
-1.9127918690967092,0.4153066878476467
-0.24436859123678661,-1.0649685209836115
1.233116126647391,-0.7418113092814322
2.2398351946304094,1.0730487485398377
1.463683418651853,0.7248294702602297
-1.2456895738913294,-1.4962907413763773
-1.7478982140677275,1.3498072536948325
-0.8665684126895506,0.8129842332514761
0.38094918189298566,2.693789774716482
-0.9963374373662521,2.1526502550696045
2.0465725715453083,-0.06707132330911567
-1.872058802943093,2.723920064279395
-2.1946051662872,-1.638654558319552
-1.4327305544776714,-0.22121604474590434
0.1345165755348809,-1.56724985938437
2.0996380226792764,1.6521752211109986
-1.1736501559598578,-2.73243534717793
-0.5976665973924038,3.2860237152888327
-0.5477471882993799,-0.08687385274642735
0.8813925369026537,-0.5420251322478469
-2.4502042684016865,1.9735639277499395
-0.5192595473221392,0.612758715249713
-1.1152908948327165,0.18401547345181846
-0.796431468752185,1.719435291437645
-0.9233970004938272,2.763344315766363
-2.6943578351849564,1.4914948830740524
-2.2624959074195634,-0.8858984204878148
3.2475973851805313,0.7139395341785043
-0.447550361014074,3.3327680434925155
2.1698143091274895,1.7426269417408211
-0.36798884404455995,-1.678665532709399
1.8322842637182637,-1.4839474927174914
1.1027146181348444,2.991096928140019
-0.6626675073810042,0.5033146198415148
-2.2465457964896696,-1.648938393656159
2.9836392225343418,0.9534690652663401
0.3409905473031887,-0.4639385910216932
-2.4714354468465376,-0.07213413025840404
1.353443492923269,2.139790686536597
0.11131184335949129,-1.578020091089185
-0.5909398671068378,-2.664441497328399
1.5717191827442059,-1.1509692240494427
-1.141484725269883,3.1257322696901837
-2.866469371457886,-2.0057836890558205
-3.1087290468901454,0.13295205063220744
2.0093329181443287,-0.42936060875194526
3.278817547034632,-0.24445615593126968
-1.1300092164416482,0.2336712485351334
-1.220004377460482,1.9355193453365465
-2.602616474369595,1.1374125917757558
1.3198438314465122,2.637107089683195
1.4481616042099812,-0.7005677834451166
1.812106346716866,0.31315653158606255
-1.2537194997888612,-1.27958159824814
-2.2717318499438734,-1.495973068539832
-1.2045853546264147,-2.3184695880278126
-1.5189410636818308,-0.5869165452092144
-1.6908146279719332,-0.8611984825968477
0.5615644697139182,-0.3313674856354863
-2.787587886069637,-0.7467295930596302
0.2423833076296999,2.7383098884824038
-0.8462206577318023,-0.33045374499094404
-0.19570082921351512,1.6151720814541741
0.29241340830281554,2.9427021257509556
-0.1440357443847072,-2.3869063748997355
1.1720553663552382,2.944292246977105
1.0540256149960494,0.978844024777498
-2.6920039481674793,1.282090891000155
-2.8705789300177393,0.06750630183285024
-0.7410236114764422,0.8565623898427472
1.7749360037782302,1.4152844544968224
-2.6519200891216728,1.6620820211686353
-0.35282467451594784,1.6674612461654081
0.6237266285080172,-0.7154870802833915
-3.1058051406673974,-0.17856852826938002
0.17375956420850086,0.41722940975350375
-1.7841414956407022,-1.8808756907598865
-3.0123711399899165,0.10389251665594397
-2.3223875857147926,-1.839311001137065
-1.9238476297541518,1.9586688815901478
3.0087648826336135,-0.39405589138921315
-1.691875210828979,1.2495328873589315
1.7860946100024335,2.4031135906958014
-2.9677648874591522,0.9246445583993912
0.46663038072184476,2.452070207134169
-1.0323610725089143,2.265746417938359
3.093053534303168,-1.0400049040364883
1.6705733539541714,1.7739319616255356
3.104394722887954,-1.5100612934768711
2.058678973708919,-2.3620477593910323
0.48495994850208934,0.4060106898080872
-0.6210053556045273,0.6974132378218667
-1.114948815817596,-1.4209039064911115
-2.1078633365336454,-1.2149475371509997
-0.8651764220867324,-0.272012603887745
-2.907754937372271,-0.16839499015194223
-1.958663704177122,-2.364445951346114
2.147816563266823,-0.6148509447950792
0.4855713946907087,-0.8471893407858075
-1.3786740648558866,0.16410834601694288
-0.3907711827447225,-3.23264361259108
2.0412551384456923,-1.0710894937660258
-1.0926677225241,-2.1337042649878053
-2.054251277981743,0.38968033364243077
-2.7461128483919355,0.10504275970373127
1.3900284549639852,-2.677039569463
-1.3684382928475851,0.13069931851316433
-0.5789399325748361,-3.0583627775066273
1.8296722187323273,0.5803595409820912
0.0019149101287611854,-2.1969904292555915
-2.168926170916376,-2.6882330605894436
-0.4161078818627544,-2.8777238419402655
3.259250388541334,0.8615527210717941
1.4529825011144595,2.7225874529279714
1.961921670925168,2.3117363716373687
-0.8312021158905787,-1.7458301757741594
2.2522692245196243,1.5780502381406727
2.675699327268096,-1.9534932913415337
0.9772420106891679,-2.499288610594698
1.2331163974232422,2.8775992024158574
-2.179218261102546,-2.8029759051209826
-2.0621097319195947,-2.7820569463516867
-1.3534877847412428,-2.1355523064932997
1.927915117959419,-2.525613342638416
-0.36388380026869227,1.7820633260170786
0.22391829846276767,-1.296567716596782
2.242796290109245,0.31141651679648447
1.1696258546977452,-0.033637016555865075
1.7687185267928585,2.4730748686225983
-2.017685568114082,-0.9457244824960516
2.0942103034092243,-2.2187854714478914
-1.2295862887197555,-1.3307369791904513
2.269869239186579,0.9656541920794465
3.118142917571375,-1.40500255373736
3.1533955985640976,-0.00015427269719137538
-1.6065135769324332,1.9196432374949504
-2.7643002949604547,1.441230554990881
0.5651638372855619,2.074925673057411
2.143572371000013,-0.6361027937515658
2.1893285874913446,1.8373167268758908
-2.0740159209687885,1.0311219555443485
-2.1076204827051805,-2.6456385178677313
-0.2444115463014762,-0.3224604979581006
-0.44268621370665157,-1.5071129984719585
-0.4970540593833479,0.5562816260918433
-0.01874968212709119,3.2157571504445683
-1.532340987536992,-0.9372613583077367
-1.1465987319530133,1.5096380975010177
0.557201820615023,1.6223725710302592
1.4211140356970535,-1.3271156073657984
2.1875042708751753,1.6025725114227145
-1.0696807280767655,-2.0208679501975664
-0.7929116558800592,-2.5019290376827947
-0.7541238146904276,-0.1489327338903126
-2.0277774009316514,2.3436745589765877
-0.9442976884400356,-0.7658884431216956
-1.6648243880470734,-2.115659457430763
-2.948234035974844,-0.9702136571885547
-1.9450226363282779,-2.394184260574725
0.16087277440319017,-0.36170868024462505
-2.9763908216645296,-1.5249999479642182
-1.0921384300280026,-0.47457398807868195
-1.485375520657909,-1.7384712755339664
3.433947219587356,0.22240827144303776
1.9460143278578235,1.963914203985915
1.9765179543483116,2.2963216470500565
-0.3191780018303319,-2.99721464075056
2.820431465899741,-1.9245715569984814
3.1944865235575044,-1.1876993340301105
-0.8622640802793322,0.030943708284786247
1.906719041801646,2.4056043414444717
-1.0437720274776834,-0.40519064623566897
-0.5891435392587552,-1.0642775549526258
-1.270489125540201,2.8999934139034838
0.7227619734701703,1.344173045520358
1.4039840008817552,0.1414617117905508
-0.9298997733384567,-1.2744781254565467
-0.11458006616474045,2.1756641373949823
-1.6997305174370303,-0.323044392971288
0.10841278240301203,1.571597295179584
-1.9878777994583021,-1.870671659488963
-0.41337557027304633,0.0592556200500914
-1.2806774300008605,-2.5709903447825817
-2.703829057291611,1.269274369562946
-2.220348106943245,-2.133561222004831
-1.8498616246582318,1.7314398971405387
3.2916785073570964,-1.1275658796925203
1.5656986386252867,0.9450908782773743
1.831722586542231,0.8550602887717986
1.2194887944150088,-2.41286556573981
0.9938046753387129,-0.4638272002660948
3.38939827631812,-0.36515853569131335
-1.4211827260108179,0.27176153740400455
3.0170381567857016,1.0491892963268363
-1.1130099651447094,0.33587011255473626
1.7393128306074928,-2.44288667298342
-0.7476622509892068,1.621430302149324
3.3502451375486855,-0.761387501718627
-1.1423269180189954,-0.367936537462996
-1.226633256853155,1.4962480960495126
3.4192532209026507,-0.20757386941597275
-0.5964424362049845,2.878894468808534
-2.9198567368335078,0.7613778312962021
-1.8623368163671932,0.6060526097284415
0.30927228706884735,1.5497120198132512
-2.761785415349211,0.20283229757289462
-1.8200580215553632,2.707122448123526
1.8802363322561768,-1.390493376678117
-1.1937796862612138,0.1478375833156208
1.9992836886117653,-0.2646797950473493
3.095210230508126,-1.4665667915858471
1.1087601032166035,-0.2886706030479156
0.7344570574009391,3.0176582847144475
-2.433489905035425,2.0158598006844217
2.006813766203981,-0.9700356723319362
0.4439693258127674,-0.5738794585949725
0.313720520426672,1.9806919046775628
1.8254166532281555,0.026829618306668444
-1.7833393996348033,2.8172445093964162
-1.7852266922453264,-2.1588483308670403
3.024167451765718,1.1104782607479933
3.4757290688246254,-0.1850791436070127
